node,depth,left_child_inside,right_child_outside,n_node_samples,impurity,center_Feature #0_standardized,center_Feature #1_standardized,center_Feature #0_original,center_Feature #1_original,radius_standardized,radius_squared_standardized
0,0,1,4,100,0.5,0.1073308140039444,-0.07789703458547592,-0.024116159434802734,-0.04339577703735597,1.2647255185471082,1.5995306372642517
1,1,2,3,52,0.07396449704142016,0.05111861974000931,0.9755082726478577,-0.07201012305361756,1.0035328950308153,2.1756602721079656,4.733497619628906
