node,depth,left_child_inside,right_child_outside,n_node_samples,impurity,center_Feature #0_standardized,center_Feature #1_standardized,center_Feature #0_original,center_Feature #1_original,radius_standardized,radius_squared_standardized
0,0,1,2,200,0.49875,1.0957646369934082,-1.104574203491211,0.631047670118006,-0.6811710966381139,1.1973196642878827,1.433574378490448
2,1,3,6,145,0.4518430439952438,-0.8781856894493103,1.1795134544372559,-0.4833604581049659,0.6670850551947115,1.1012977119528025,1.212856650352478
3,2,4,5,44,0.044421487603305776,-0.8995484113693237,1.0438240766525269,-0.49542093937935167,0.5869900388315704,1.0399005349902628,1.0813931226730347
6,2,7,8,101,0.12900696010195079,-0.023960649967193604,0.01878439635038376,-0.0011014495685196402,-0.018072577764118573,0.3340024608600639,0.11155764386057854
8,3,9,10,96,0.04079861111111116,6.769184112548828,-6.323875427246094,3.8340182280303416,-3.762031394958809,8.259412771045517,68.21789932250977
10,4,11,12,95,0.020831024930747954,-1.7267441749572754,0.4479750394821167,-0.9624203720526499,0.2352709937502319,0.3358957353401826,0.11282594501972198
