node,depth,left_child_inside,right_child_outside,n_node_samples,impurity,center_Feature #0_standardized,center_Feature #1_standardized,center_Feature #0_original,center_Feature #1_original,radius_standardized,radius_squared_standardized
0,0,1,6,100,0.5,-3.339777946472168,8.564221382141113,-2.484021631933126,4.528993911245571,9.550767070861152,91.2171516418457
1,1,2,3,56,0.24489795918367352,-0.512418270111084,0.2194945216178894,0.04743578938540377,0.3546401849770953,0.7429827394983509,0.5520233511924744
3,2,4,5,49,0.03998334027488548,-0.575096070766449,0.7892252206802368,-0.00868235679441165,0.6396414206498151,2.02132862615205,4.085769414901733
6,1,7,8,44,0.08677685950413228,0.627478837966919,-0.5590984225273132,1.068034978766737,-0.03484198885107043,0.39893863288414344,0.15915203280746937
