node,depth,left_child_inside,right_child_outside,n_node_samples,impurity,center_Party_standardized,center_Bills_standardized,center_Party_original,center_Bills_original,radius_standardized,radius_squared_standardized
0,0,1,8,100,15.586400000000005,6.414104461669922,-1.9212729930877686,7.445791746336221,9.332203491038399,7.30771265065686,53.40266418457031
1,1,2,7,55,1.1583471074380158,21.22186851501465,-0.24890504777431488,22.1189335877835,9.843849698262021,21.249080503429106,451.52342224121094
2,2,3,4,54,1.1580932784636495,0.38597583770751953,-2.9178507328033447,1.4724668054982024,9.027309330541085,2.311169183400241,5.341502994298935
4,3,5,6,49,1.1770095793419406,0.918349027633667,0.12807583808898926,2.0000000171450787,9.95918367185813,4.529147558662647,20.513177608139813
8,1,9,10,45,0.1906172839506155,-1.1000005006790161,0.18885256350040436,-3.741148701941199e-08,9.977777774388835,2.2604732703649364,5.10973940603435
