comparison,task,n_datasets,n_spherical_wins,spherical_win_rate,median_spherical_margin,mean_spherical_margin,median_rows_all,median_features_all,median_rows_when_spherical_wins,median_features_when_spherical_wins,median_margin_when_spherical_wins
forests,classification,130,44,0.3384615384615385,-0.005283418672099749,-0.012340707743387126,958.5,14.0,899.5,10.5,0.02060278331025278
forests,regression,119,15,0.12605042016806722,-0.06232551318632318,-0.15852687555686315,500.0,10.0,1000.0,5.0,0.005678749955746132
overall,classification,130,39,0.3,-0.007399760092816565,-0.021588052266697452,958.5,14.0,556.0,10.0,0.01678876678876695
overall,regression,119,15,0.12605042016806722,-0.06232551318632318,-0.1585263919995634,500.0,10.0,1000.0,5.0,0.005678749955746132
trees,classification,130,31,0.23846153846153847,-0.0419848180627192,-0.06624186336981454,958.5,14.0,625.0,10.0,0.02809042013762253
trees,regression,119,7,0.058823529411764705,-0.4712193385986845,-0.5572552811915588,500.0,10.0,100.0,10.0,0.12787395659457534
