shard,n_datasets,balance_weight_s,estimated_old_time_s
0,58,174.48931256961077,209.17018661182374
1,57,174.30244820937514,198.61053254595026
2,57,174.30256342049688,293.25758109102026
3,57,174.30384507356212,540.3859972809441
4,58,174.30357559141703,174.30357559141703
